[
	{
	"name": "Chikorita",
	"type": "toggle",
	"img": "images/items/chikorita.png",
	"codes": "chikorita,152"
	},
	{
	"name": "Bayleef",
	"type": "toggle",
	"img": "images/items/bayleef.png",
	"codes": "bayleef,153"
	},
	{
	"name": "Meganium",
	"type": "toggle",
	"img": "images/items/meganium.png",
	"codes": "meganium,154"
	},
{
  "name": "Cyndaquil",
  "type": "toggle",
  "img": "images/items/cyndaquil.png",
  "codes": "cyndaquil,155"
},
{
  "name": "Quilava",
  "type": "toggle",
  "img": "images/items/quilava.png",
  "codes": "quilava,156"
},
{
  "name": "Typhlosion",
  "type": "toggle",
  "img": "images/items/typhlosion.png",
  "codes": "typhlosion,157"
},
{
  "name": "Totodile",
  "type": "toggle",
  "img": "images/items/totodile.png",
  "codes": "totodile,158"
},
{
  "name": "Croconaw",
  "type": "toggle",
  "img": "images/items/croconaw.png",
  "codes": "croconaw,159"
},
{
  "name": "Feraligatr",
  "type": "toggle",
  "img": "images/items/feraligatr.png",
  "codes": "feraligatr,160"
},
{
  "name": "Pidgey",
  "type": "toggle",
  "img": "images/items/pidgey.png",
  "codes": "pidgey,016"
},
{
  "name": "Pidgeotto",
  "type": "toggle",
  "img": "images/items/pidgeotto.png",
  "codes": "pidgeotto,017"
},
{
  "name": "Pidgeot",
  "type": "toggle",
  "img": "images/items/pidgeot.png",
  "codes": "pidgeot,018"
},
{
  "name": "Spearow",
  "type": "toggle",
  "img": "images/items/spearow.png",
  "codes": "spearow,021"
},
{
  "name": "Fearow",
  "type": "toggle",
  "img": "images/items/fearow.png",
  "codes": "fearow,022"
},
{
  "name": "Hoothoot",
  "type": "toggle",
  "img": "images/items/hoothoot.png",
  "codes": "hoothoot,163"
},
{
  "name": "Noctowl",
  "type": "toggle",
  "img": "images/items/noctowl.png",
  "codes": "noctowl,164"
},
{
  "name": "Rattata",
  "type": "toggle",
  "img": "images/items/rattata.png",
  "codes": "rattata,019"
},
{
  "name": "Raticate",
  "type": "toggle",
  "img": "images/items/raticate.png",
  "codes": "raticate,020"
},
{
  "name": "Sentret",
  "type": "toggle",
  "img": "images/items/sentret.png",
  "codes": "sentret,161"
},
{
  "name": "Furret",
  "type": "toggle",
  "img": "images/items/furret.png",
  "codes": "furret,162"
},
{
  "name": "Pichu",
  "type": "toggle",
  "img": "images/items/pichu.png",
  "codes": "pichu,172"
},
{
  "name": "Pikachu",
  "type": "toggle",
  "img": "images/items/pikachu.png",
  "codes": "pikachu,025"
},
{
  "name": "Raichu",
  "type": "toggle",
  "img": "images/items/raichu.png",
  "codes": "raichu,026"
},
{
  "name": "Caterpie",
  "type": "toggle",
  "img": "images/items/caterpie.png",
  "codes": "caterpie,010"
},
{
  "name": "Metapod",
  "type": "toggle",
  "img": "images/items/metapod.png",
  "codes": "metapod,011"
},
{
  "name": "Butterfree",
  "type": "toggle",
  "img": "images/items/butterfree.png",
  "codes": "butterfree,012"
},
{
  "name": "Weedle",
  "type": "toggle",
  "img": "images/items/weedle.png",
  "codes": "weedle,013"
},
{
  "name": "Kakuna",
  "type": "toggle",
  "img": "images/items/kakuna.png",
  "codes": "kakuna,014"
},
{
  "name": "Beedrill",
  "type": "toggle",
  "img": "images/items/beedrill.png",
  "codes": "beedrill,015"
},
{
  "name": "Ledyba",
  "type": "toggle",
  "img": "images/items/ledyba.png",
  "codes": "ledyba,165"
},
{
  "name": "Ledian",
  "type": "toggle",
  "img": "images/items/ledian.png",
  "codes": "ledian,166"
},
{
  "name": "Spinarak",
  "type": "toggle",
  "img": "images/items/spinarak.png",
  "codes": "spinarak,167"
},
{
  "name": "Ariados",
  "type": "toggle",
  "img": "images/items/ariados.png",
  "codes": "ariados,168"
},
{
  "name": "Geodude",
  "type": "toggle",
  "img": "images/items/geodude.png",
  "codes": "geodude,074"
},
{
  "name": "Graveler",
  "type": "toggle",
  "img": "images/items/graveler.png",
  "codes": "graveler,075"
},
{
  "name": "Golem",
  "type": "toggle",
  "img": "images/items/golem.png",
  "codes": "golem,076"
},
{
  "name": "Zubat",
  "type": "toggle",
  "img": "images/items/zubat.png",
  "codes": "zubat,041"
},
{
  "name": "Golbat",
  "type": "toggle",
  "img": "images/items/golbat.png",
  "codes": "golbat,042"
},
{
  "name": "Crobat",
  "type": "toggle",
  "img": "images/items/crobat.png",
  "codes": "crobat,169"
},
{
  "name": "Cleffa",
  "type": "toggle",
  "img": "images/items/cleffa.png",
  "codes": "cleffa,173"
},
{
  "name": "Clefairy",
  "type": "toggle",
  "img": "images/items/clefairy.png",
  "codes": "clefairy,035"
},
{
  "name": "Clefable",
  "type": "toggle",
  "img": "images/items/clefable.png",
  "codes": "clefable,036"
},
{
  "name": "Igglybuff",
  "type": "toggle",
  "img": "images/items/igglybuff.png",
  "codes": "igglybuff,174"
},
{
  "name": "Jigglypuff",
  "type": "toggle",
  "img": "images/items/jigglypuff.png",
  "codes": "jigglypuff,039"
},
{
  "name": "Wigglytuff",
  "type": "toggle",
  "img": "images/items/wigglytuff.png",
  "codes": "wigglytuff,040"
},
{
  "name": "Togepi",
  "type": "toggle",
  "img": "images/items/togepi.png",
  "codes": "togepi,175"
},
{
  "name": "Togetic",
  "type": "toggle",
  "img": "images/items/togetic.png",
  "codes": "togetic,176"
},
{
  "name": "Sandshrew",
  "type": "toggle",
  "img": "images/items/sandshrew.png",
  "codes": "sandshrew,027"
},
{
  "name": "Sandslash",
  "type": "toggle",
  "img": "images/items/sandslash.png",
  "codes": "sandslash,028"
},
{
  "name": "Ekans",
  "type": "toggle",
  "img": "images/items/ekans.png",
  "codes": "ekans,023"
},
{
  "name": "Arbok",
  "type": "toggle",
  "img": "images/items/arbok.png",
  "codes": "arbok,024"
},
{
  "name": "Dunsparce",
  "type": "toggle",
  "img": "images/items/dunsparce.png",
  "codes": "dunsparce,206"
},
{
  "name": "Mareep",
  "type": "toggle",
  "img": "images/items/mareep.png",
  "codes": "mareep,179"
},
{
  "name": "Flaaffy",
  "type": "toggle",
  "img": "images/items/flaaffy.png",
  "codes": "flaaffy,180"
},
{
  "name": "Ampharos",
  "type": "toggle",
  "img": "images/items/ampharos.png",
  "codes": "ampharos,181"
},
{
  "name": "Wooper",
  "type": "toggle",
  "img": "images/items/wooper.png",
  "codes": "wooper,194"
},
{
  "name": "Quagsire",
  "type": "toggle",
  "img": "images/items/quagsire.png",
  "codes": "quagsire,195"
},
{
  "name": "Gastly",
  "type": "toggle",
  "img": "images/items/gastly.png",
  "codes": "gastly,092"
},
{
  "name": "Haunter",
  "type": "toggle",
  "img": "images/items/haunter.png",
  "codes": "haunter,093"
},
{
  "name": "Gengar",
  "type": "toggle",
  "img": "images/items/gengar.png",
  "codes": "gengar,094"
},
{
  "name": "Unown",
  "type": "toggle",
  "img": "images/items/unown.png",
  "codes": "unown,201"
},
{
  "name": "Onix",
  "type": "toggle",
  "img": "images/items/onix.png",
  "codes": "onix,095"
},
{
  "name": "Steelix",
  "type": "toggle",
  "img": "images/items/steelix.png",
  "codes": "steelix,208"
},
{
  "name": "Bellsprout",
  "type": "toggle",
  "img": "images/items/bellsprout.png",
  "codes": "bellsprout,069"
},
{
  "name": "Weepinbell",
  "type": "toggle",
  "img": "images/items/weepinbell.png",
  "codes": "weepinbell,070"
},
{
  "name": "Victreebel",
  "type": "toggle",
  "img": "images/items/victreebel.png",
  "codes": "victreebel,071"
},
{
  "name": "Hoppip",
  "type": "toggle",
  "img": "images/items/hoppip.png",
  "codes": "hoppip,187"
},
{
  "name": "Skiploom",
  "type": "toggle",
  "img": "images/items/skiploom.png",
  "codes": "skiploom,188"
},
{
  "name": "Jumpluff",
  "type": "toggle",
  "img": "images/items/jumpluff.png",
  "codes": "jumpluff,189"
},
{
  "name": "Paras",
  "type": "toggle",
  "img": "images/items/paras.png",
  "codes": "paras,046"
},
{
  "name": "Parasect",
  "type": "toggle",
  "img": "images/items/parasect.png",
  "codes": "parasect,047"
},
{
  "name": "Poliwag",
  "type": "toggle",
  "img": "images/items/poliwag.png",
  "codes": "poliwag,060"
},
{
  "name": "Poliwhirl",
  "type": "toggle",
  "img": "images/items/poliwhirl.png",
  "codes": "poliwhirl,061"
},
{
  "name": "Poliwrath",
  "type": "toggle",
  "img": "images/items/poliwrath.png",
  "codes": "poliwrath,062"
},
{
  "name": "Politoed",
  "type": "toggle",
  "img": "images/items/politoed.png",
  "codes": "politoed,186"
},
{
  "name": "Magikarp",
  "type": "toggle",
  "img": "images/items/magikarp.png",
  "codes": "magikarp,129"
},
{
  "name": "Gyarados",
  "type": "toggle",
  "img": "images/items/gyarados.png",
  "codes": "gyarados,130"
},
{
  "name": "Goldeen",
  "type": "toggle",
  "img": "images/items/goldeen.png",
  "codes": "goldeen,118"
},
{
  "name": "Seaking",
  "type": "toggle",
  "img": "images/items/seaking.png",
  "codes": "seaking,119"
},
{
  "name": "Slowpoke",
  "type": "toggle",
  "img": "images/items/slowpoke.png",
  "codes": "slowpoke,079"
},
{
  "name": "Slowbro",
  "type": "toggle",
  "img": "images/items/slowbro.png",
  "codes": "slowbro,080"
},
{
  "name": "Slowking",
  "type": "toggle",
  "img": "images/items/slowking.png",
  "codes": "slowking,199"
},
{
  "name": "Oddish",
  "type": "toggle",
  "img": "images/items/oddish.png",
  "codes": "oddish,043"
},
{
  "name": "Gloom",
  "type": "toggle",
  "img": "images/items/gloom.png",
  "codes": "gloom,044"
},
{
  "name": "Vileplume",
  "type": "toggle",
  "img": "images/items/vileplume.png",
  "codes": "vileplume,045"
},
{
  "name": "Bellossom",
  "type": "toggle",
  "img": "images/items/bellossom.png",
  "codes": "bellossom,182"
},
{
  "name": "Drowzee",
  "type": "toggle",
  "img": "images/items/drowzee.png",
  "codes": "drowzee,096"
},
{
  "name": "Hypno",
  "type": "toggle",
  "img": "images/items/hypno.png",
  "codes": "hypno,097"
},
{
  "name": "Abra",
  "type": "toggle",
  "img": "images/items/abra.png",
  "codes": "abra,063"
},
{
  "name": "Kadabra",
  "type": "toggle",
  "img": "images/items/kadabra.png",
  "codes": "kadabra,064"
},
{
  "name": "Alakazam",
  "type": "toggle",
  "img": "images/items/alakazam.png",
  "codes": "alakazam,065"
},
{
  "name": "Ditto",
  "type": "toggle",
  "img": "images/items/ditto.png",
  "codes": "ditto,132"
},
{
  "name": "Pineco",
  "type": "toggle",
  "img": "images/items/pineco.png",
  "codes": "pineco,204"
},
{
  "name": "Forretress",
  "type": "toggle",
  "img": "images/items/forretress.png",
  "codes": "forretress,205"
},
{
  "name": "Nidoran-F",
  "type": "toggle",
  "img": "images/items/nidoran-f.png",
  "codes": "nidoran-f,029"
},
{
  "name": "Nidorina",
  "type": "toggle",
  "img": "images/items/nidorina.png",
  "codes": "nidorina,030"
},
{
  "name": "Nidoqueen",
  "type": "toggle",
  "img": "images/items/nidoqueen.png",
  "codes": "nidoqueen,031"
},
{
  "name": "Nidoran-M",
  "type": "toggle",
  "img": "images/items/nidoran-m.png",
  "codes": "nidoran-m,032"
},
{
  "name": "Nidorino",
  "type": "toggle",
  "img": "images/items/nidorino.png",
  "codes": "nidorino,033"
},
{
  "name": "Nidoking",
  "type": "toggle",
  "img": "images/items/nidoking.png",
  "codes": "nidoking,034"
},
{
  "name": "Yanma",
  "type": "toggle",
  "img": "images/items/yanma.png",
  "codes": "yanma,193"
},
{
  "name": "Sunkern",
  "type": "toggle",
  "img": "images/items/sunkern.png",
  "codes": "sunkern,191"
},
{
  "name": "Sunflora",
  "type": "toggle",
  "img": "images/items/sunflora.png",
  "codes": "sunflora,192"
},
{
  "name": "Exeggcute",
  "type": "toggle",
  "img": "images/items/exeggcute.png",
  "codes": "exeggcute,102"
},
{
  "name": "Exeggutor",
  "type": "toggle",
  "img": "images/items/exeggutor.png",
  "codes": "exeggutor,103"
},
{
  "name": "Sudowoodo",
  "type": "toggle",
  "img": "images/items/sudowoodo.png",
  "codes": "sudowoodo,185"
},
{
  "name": "Wobbuffet",
  "type": "toggle",
  "img": "images/items/wobbuffet.png",
  "codes": "wobbuffet,202"
},
{
  "name": "Venonat",
  "type": "toggle",
  "img": "images/items/venonat.png",
  "codes": "venonat,048"
},
{
  "name": "Venomoth",
  "type": "toggle",
  "img": "images/items/venomoth.png",
  "codes": "venomoth,049"
},
{
  "name": "Scyther",
  "type": "toggle",
  "img": "images/items/scyther.png",
  "codes": "scyther,123"
},
{
  "name": "Scizor",
  "type": "toggle",
  "img": "images/items/scizor.png",
  "codes": "scizor,212"
},
{
  "name": "Pinsir",
  "type": "toggle",
  "img": "images/items/pinsir.png",
  "codes": "pinsir,127"
},
{
  "name": "Heracross",
  "type": "toggle",
  "img": "images/items/heracross.png",
  "codes": "heracross,214"
},
{
  "name": "Koffing",
  "type": "toggle",
  "img": "images/items/koffing.png",
  "codes": "koffing,109"
},
{
  "name": "Weezing",
  "type": "toggle",
  "img": "images/items/weezing.png",
  "codes": "weezing,110"
},
{
  "name": "Grimer",
  "type": "toggle",
  "img": "images/items/grimer.png",
  "codes": "grimer,088"
},
{
  "name": "Muk",
  "type": "toggle",
  "img": "images/items/muk.png",
  "codes": "muk,089"
},
{
  "name": "Magnemite",
  "type": "toggle",
  "img": "images/items/magnemite.png",
  "codes": "magnemite,081"
},
{
  "name": "Magneton",
  "type": "toggle",
  "img": "images/items/magneton.png",
  "codes": "magneton,082"
},
{
  "name": "Voltorb",
  "type": "toggle",
  "img": "images/items/voltorb.png",
  "codes": "voltorb,100"
},
{
  "name": "Electrode",
  "type": "toggle",
  "img": "images/items/electrode.png",
  "codes": "electrode,101"
},
{
  "name": "Aipom",
  "type": "toggle",
  "img": "images/items/aipom.png",
  "codes": "aipom,190"
},
{
  "name": "Snubbull",
  "type": "toggle",
  "img": "images/items/snubbull.png",
  "codes": "snubbull,209"
},
{
  "name": "Granbull",
  "type": "toggle",
  "img": "images/items/granbull.png",
  "codes": "granbull,210"
},
{
  "name": "Vulpix",
  "type": "toggle",
  "img": "images/items/vulpix.png",
  "codes": "vulpix,037"
},
{
  "name": "Ninetales",
  "type": "toggle",
  "img": "images/items/ninetales.png",
  "codes": "ninetales,038"
},
{
  "name": "Growlithe",
  "type": "toggle",
  "img": "images/items/growlithe.png",
  "codes": "growlithe,058"
},
{
  "name": "Arcanine",
  "type": "toggle",
  "img": "images/items/arcanine.png",
  "codes": "arcanine,059"
},
{
  "name": "Stantler",
  "type": "toggle",
  "img": "images/items/stantler.png",
  "codes": "stantler,234"
},
{
  "name": "Marill",
  "type": "toggle",
  "img": "images/items/marill.png",
  "codes": "marill,183"
},
{
  "name": "Azumarill",
  "type": "toggle",
  "img": "images/items/azumarill.png",
  "codes": "azumarill,184"
},
{
  "name": "Diglett",
  "type": "toggle",
  "img": "images/items/diglett.png",
  "codes": "diglett,050"
},
{
  "name": "Dugtrio",
  "type": "toggle",
  "img": "images/items/dugtrio.png",
  "codes": "dugtrio,051"
},
{
  "name": "Mankey",
  "type": "toggle",
  "img": "images/items/mankey.png",
  "codes": "mankey,056"
},
{
  "name": "Primeape",
  "type": "toggle",
  "img": "images/items/primeape.png",
  "codes": "primeape,057"
},
{
  "name": "Meowth",
  "type": "toggle",
  "img": "images/items/meowth.png",
  "codes": "meowth,052"
},
{
  "name": "Persian",
  "type": "toggle",
  "img": "images/items/persian.png",
  "codes": "persian,053"
},
{
  "name": "Psyduck",
  "type": "toggle",
  "img": "images/items/psyduck.png",
  "codes": "psyduck,054"
},
{
  "name": "Golduck",
  "type": "toggle",
  "img": "images/items/golduck.png",
  "codes": "golduck,055"
},
{
  "name": "Machop",
  "type": "toggle",
  "img": "images/items/machop.png",
  "codes": "machop,066"
},
{
  "name": "Machoke",
  "type": "toggle",
  "img": "images/items/machoke.png",
  "codes": "machoke,067"
},
{
  "name": "Machamp",
  "type": "toggle",
  "img": "images/items/machamp.png",
  "codes": "machamp,068"
},
{
  "name": "Tyrogue",
  "type": "toggle",
  "img": "images/items/tyrogue.png",
  "codes": "tyrogue,236"
},
{
  "name": "Hitmonlee",
  "type": "toggle",
  "img": "images/items/hitmonlee.png",
  "codes": "hitmonlee,106"
},
{
  "name": "Hitmonchan",
  "type": "toggle",
  "img": "images/items/hitmonchan.png",
  "codes": "hitmonchan,107"
},
{
  "name": "Hitmontop",
  "type": "toggle",
  "img": "images/items/hitmontop.png",
  "codes": "hitmontop,237"
},
{
  "name": "Girafarig",
  "type": "toggle",
  "img": "images/items/girafarig.png",
  "codes": "girafarig,203"
},
{
  "name": "Tauros",
  "type": "toggle",
  "img": "images/items/tauros.png",
  "codes": "tauros,128"
},
{
  "name": "Miltank",
  "type": "toggle",
  "img": "images/items/miltank.png",
  "codes": "miltank,241"
},
{
  "name": "Magby",
  "type": "toggle",
  "img": "images/items/magby.png",
  "codes": "magby,240"
},
{
  "name": "Magmar",
  "type": "toggle",
  "img": "images/items/magmar.png",
  "codes": "magmar,126"
},
{
  "name": "Smoochum",
  "type": "toggle",
  "img": "images/items/smoochum.png",
  "codes": "smoochum,238"
},
{
  "name": "Jynx",
  "type": "toggle",
  "img": "images/items/jynx.png",
  "codes": "jynx,124"
},
{
  "name": "Elekid",
  "type": "toggle",
  "img": "images/items/elekid.png",
  "codes": "elekid,239"
},
{
  "name": "Electabuzz",
  "type": "toggle",
  "img": "images/items/electabuzz.png",
  "codes": "electabuzz,125"
},
{
  "name": "Mr. Mime",
  "type": "toggle",
  "img": "images/items/mr-mime.png",
  "codes": "mr-mime,122"
},
{
  "name": "Smeargle",
  "type": "toggle",
  "img": "images/items/smeargle.png",
  "codes": "smeargle,235"
},
{
  "name": "Farfetch'd",
  "type": "toggle",
  "img": "images/items/farfetchd.png",
  "codes": "farfetchd,083"
},
{
  "name": "Natu",
  "type": "toggle",
  "img": "images/items/natu.png",
  "codes": "natu,177"
},
{
  "name": "Xatu",
  "type": "toggle",
  "img": "images/items/xatu.png",
  "codes": "xatu,178"
},
{
  "name": "Qwilfish",
  "type": "toggle",
  "img": "images/items/qwilfish.png",
  "codes": "qwilfish,211"
},
{
  "name": "Tentacool",
  "type": "toggle",
  "img": "images/items/tentacool.png",
  "codes": "tentacool,072"
},
{
  "name": "Tentacruel",
  "type": "toggle",
  "img": "images/items/tentacruel.png",
  "codes": "tentacruel,073"
},
{
  "name": "Krabby",
  "type": "toggle",
  "img": "images/items/krabby.png",
  "codes": "krabby,098"
},
{
  "name": "Kingler",
  "type": "toggle",
  "img": "images/items/kingler.png",
  "codes": "kingler,099"
},
{
  "name": "Shuckle",
  "type": "toggle",
  "img": "images/items/shuckle.png",
  "codes": "shuckle,213"
},
{
  "name": "Staryu",
  "type": "toggle",
  "img": "images/items/staryu.png",
  "codes": "staryu,120"
},
{
  "name": "Starmie",
  "type": "toggle",
  "img": "images/items/starmie.png",
  "codes": "starmie,121"
},
{
  "name": "Shellder",
  "type": "toggle",
  "img": "images/items/shellder.png",
  "codes": "shellder,090"
},
{
  "name": "Cloyster",
  "type": "toggle",
  "img": "images/items/cloyster.png",
  "codes": "cloyster,091"
},
{
  "name": "Corsola",
  "type": "toggle",
  "img": "images/items/corsola.png",
  "codes": "corsola,222"
},
{
  "name": "Remoraid",
  "type": "toggle",
  "img": "images/items/remoraid.png",
  "codes": "remoraid,223"
},
{
  "name": "Octillery",
  "type": "toggle",
  "img": "images/items/octillery.png",
  "codes": "octillery,224"
},
{
  "name": "Chinchou",
  "type": "toggle",
  "img": "images/items/chinchou.png",
  "codes": "chinchou,170"
},
{
  "name": "Lanturn",
  "type": "toggle",
  "img": "images/items/lanturn.png",
  "codes": "lanturn,171"
},
{
  "name": "Seel",
  "type": "toggle",
  "img": "images/items/seel.png",
  "codes": "seel,086"
},
{
  "name": "Dewgong",
  "type": "toggle",
  "img": "images/items/dewgong.png",
  "codes": "dewgong,087"
},
{
  "name": "Lickitung",
  "type": "toggle",
  "img": "images/items/lickitung.png",
  "codes": "lickitung,108"
},
{
  "name": "Tangela",
  "type": "toggle",
  "img": "images/items/tangela.png",
  "codes": "tangela,114"
},
{
  "name": "Eevee",
  "type": "toggle",
  "img": "images/items/eevee.png",
  "codes": "eevee,133"
},
{
  "name": "Vaporeon",
  "type": "toggle",
  "img": "images/items/vaporeon.png",
  "codes": "vaporeon,134"
},
{
  "name": "Jolteon",
  "type": "toggle",
  "img": "images/items/jolteon.png",
  "codes": "jolteon,135"
},
{
  "name": "Flareon",
  "type": "toggle",
  "img": "images/items/flareon.png",
  "codes": "flareon,136"
},
{
  "name": "Espeon",
  "type": "toggle",
  "img": "images/items/espeon.png",
  "codes": "espeon,196"
},
{
  "name": "Umbreon",
  "type": "toggle",
  "img": "images/items/umbreon.png",
  "codes": "umbreon,197"
},
{
  "name": "Horsea",
  "type": "toggle",
  "img": "images/items/horsea.png",
  "codes": "horsea,116"
},
{
  "name": "Seadra",
  "type": "toggle",
  "img": "images/items/seadra.png",
  "codes": "seadra,117"
},
{
  "name": "Kingdra",
  "type": "toggle",
  "img": "images/items/kingdra.png",
  "codes": "kingdra,230"
},
{
  "name": "Gligar",
  "type": "toggle",
  "img": "images/items/gligar.png",
  "codes": "gligar,207"
},
{
  "name": "Delibird",
  "type": "toggle",
  "img": "images/items/delibird.png",
  "codes": "delibird,225"
},
{
  "name": "Swinub",
  "type": "toggle",
  "img": "images/items/swinub.png",
  "codes": "swinub,220"
},
{
  "name": "Piloswine",
  "type": "toggle",
  "img": "images/items/piloswine.png",
  "codes": "piloswine,221"
},
{
  "name": "Teddiursa",
  "type": "toggle",
  "img": "images/items/teddiursa.png",
  "codes": "teddiursa,216"
},
{
  "name": "Ursaring",
  "type": "toggle",
  "img": "images/items/ursaring.png",
  "codes": "ursaring,217"
},
{
  "name": "Phanpy",
  "type": "toggle",
  "img": "images/items/phanpy.png",
  "codes": "phanpy,231"
},
{
  "name": "Donphan",
  "type": "toggle",
  "img": "images/items/donphan.png",
  "codes": "donphan,232"
},
{
  "name": "Mantine",
  "type": "toggle",
  "img": "images/items/mantine.png",
  "codes": "mantine,226"
},
{
  "name": "Skarmory",
  "type": "toggle",
  "img": "images/items/skarmory.png",
  "codes": "skarmory,227"
},
{
  "name": "Doduo",
  "type": "toggle",
  "img": "images/items/doduo.png",
  "codes": "doduo,084"
},
{
  "name": "Dodrio",
  "type": "toggle",
  "img": "images/items/dodrio.png",
  "codes": "dodrio,085"
},
{
  "name": "Ponyta",
  "type": "toggle",
  "img": "images/items/ponyta.png",
  "codes": "ponyta,077"
},
{
  "name": "Rapidash",
  "type": "toggle",
  "img": "images/items/rapidash.png",
  "codes": "rapidash,078"
},
{
  "name": "Cubone",
  "type": "toggle",
  "img": "images/items/cubone.png",
  "codes": "cubone,104"
},
{
  "name": "Marowak",
  "type": "toggle",
  "img": "images/items/marowak.png",
  "codes": "marowak,105"
},
{
  "name": "Kangaskhan",
  "type": "toggle",
  "img": "images/items/kangaskhan.png",
  "codes": "kangaskhan,115"
},
{
  "name": "Rhyhorn",
  "type": "toggle",
  "img": "images/items/rhyhorn.png",
  "codes": "rhyhorn,111"
},
{
  "name": "Rhydon",
  "type": "toggle",
  "img": "images/items/rhydon.png",
  "codes": "rhydon,112"
},
{
  "name": "Murkrow",
  "type": "toggle",
  "img": "images/items/murkrow.png",
  "codes": "murkrow,198"
},
{
  "name": "Houndour",
  "type": "toggle",
  "img": "images/items/houndour.png",
  "codes": "houndour,228"
},
{
  "name": "Houndoom",
  "type": "toggle",
  "img": "images/items/houndoom.png",
  "codes": "houndoom,229"
},
{
  "name": "Slugma",
  "type": "toggle",
  "img": "images/items/slugma.png",
  "codes": "slugma,218"
},
{
  "name": "Magcargo",
  "type": "toggle",
  "img": "images/items/magcargo.png",
  "codes": "magcargo,219"
},
{
  "name": "Sneasel",
  "type": "toggle",
  "img": "images/items/sneasel.png",
  "codes": "sneasel,215"
},
{
  "name": "Misdreavus",
  "type": "toggle",
  "img": "images/items/misdreavus.png",
  "codes": "misdreavus,200"
},
{
  "name": "Porygon",
  "type": "toggle",
  "img": "images/items/porygon.png",
  "codes": "porygon,137"
},
{
  "name": "Porygon2",
  "type": "toggle",
  "img": "images/items/porygon2.png",
  "codes": "porygon2,233"
},
{
  "name": "Chansey",
  "type": "toggle",
  "img": "images/items/chansey.png",
  "codes": "chansey,113"
},
{
  "name": "Blissey",
  "type": "toggle",
  "img": "images/items/blissey.png",
  "codes": "blissey,242"
},
{
  "name": "Lapras",
  "type": "toggle",
  "img": "images/items/lapras.png",
  "codes": "lapras,131"
},
{
  "name": "Omanyte",
  "type": "toggle",
  "img": "images/items/omanyte.png",
  "codes": "omanyte,138"
},
{
  "name": "Omastar",
  "type": "toggle",
  "img": "images/items/omastar.png",
  "codes": "omastar,139"
},
{
  "name": "Kabuto",
  "type": "toggle",
  "img": "images/items/kabuto.png",
  "codes": "kabuto,140"
},
{
  "name": "Kabutops",
  "type": "toggle",
  "img": "images/items/kabutops.png",
  "codes": "kabutops,141"
},
{
  "name": "Aerodactyl",
  "type": "toggle",
  "img": "images/items/aerodactyl.png",
  "codes": "aerodactyl,142"
},
{
  "name": "Snorlax",
  "type": "toggle",
  "img": "images/items/snorlax.png",
  "codes": "snorlax,143"
},
{
  "name": "Bulbasaur",
  "type": "toggle",
  "img": "images/items/bulbasaur.png",
  "codes": "bulbasaur,001"
},
{
  "name": "Ivysaur",
  "type": "toggle",
  "img": "images/items/ivysaur.png",
  "codes": "ivysaur,002"
},
{
  "name": "Venusaur",
  "type": "toggle",
  "img": "images/items/venusaur.png",
  "codes": "venusaur,003"
},
{
  "name": "Charmander",
  "type": "toggle",
  "img": "images/items/charmander.png",
  "codes": "charmander,004"
},
{
  "name": "Charmeleon",
  "type": "toggle",
  "img": "images/items/charmeleon.png",
  "codes": "charmeleon,005"
},
{
  "name": "Charizard",
  "type": "toggle",
  "img": "images/items/charizard.png",
  "codes": "charizard,006"
},
{
  "name": "Squirtle",
  "type": "toggle",
  "img": "images/items/squirtle.png",
  "codes": "squirtle,007"
},
{
  "name": "Wartortle",
  "type": "toggle",
  "img": "images/items/wartortle.png",
  "codes": "wartortle,008"
},
{
  "name": "Blastoise",
  "type": "toggle",
  "img": "images/items/blastoise.png",
  "codes": "blastoise,009"
},
{
  "name": "Articuno",
  "type": "toggle",
  "img": "images/items/articuno.png",
  "codes": "articuno,144"
},
{
  "name": "Zapdos",
  "type": "toggle",
  "img": "images/items/zapdos.png",
  "codes": "zapdos,145"
},
{
  "name": "Moltres",
  "type": "toggle",
  "img": "images/items/moltres.png",
  "codes": "moltres,146"
},
{
  "name": "Raikou",
  "type": "toggle",
  "img": "images/items/raikou.png",
  "codes": "raikou,243"
},
{
  "name": "Entei",
  "type": "toggle",
  "img": "images/items/entei.png",
  "codes": "entei,244"
},
{
  "name": "Suicune",
  "type": "toggle",
  "img": "images/items/suicune.png",
  "codes": "suicune,245"
},
{
  "name": "Dratini",
  "type": "toggle",
  "img": "images/items/dratini.png",
  "codes": "dratini,147"
},
{
  "name": "Dragonair",
  "type": "toggle",
  "img": "images/items/dragonair.png",
  "codes": "dragonair,148"
},
{
  "name": "Dragonite",
  "type": "toggle",
  "img": "images/items/dragonite.png",
  "codes": "dragonite,149"
},
{
  "name": "Larvitar",
  "type": "toggle",
  "img": "images/items/larvitar.png",
  "codes": "larvitar,246"
},
{
  "name": "Pupitar",
  "type": "toggle",
  "img": "images/items/pupitar.png",
  "codes": "pupitar,247"
},
{
  "name": "Tyranitar",
  "type": "toggle",
  "img": "images/items/tyranitar.png",
  "codes": "tyranitar,248"
},
{
  "name": "Lugia",
  "type": "toggle",
  "img": "images/items/lugia.png",
  "codes": "lugia,249"
},
{
  "name": "Ho-Oh",
  "type": "toggle",
  "img": "images/items/ho-oh.png",
  "codes": "ho-oh,250"
},
{
  "name": "Mewtwo",
  "type": "toggle",
  "img": "images/items/mewtwo.png",
  "codes": "mewtwo,150"
},
{
  "name": "Mew",
  "type": "toggle",
  "img": "images/items/mew.png",
  "codes": "mew,151"
},
{
  "name": "Celebi",
  "type": "toggle",
  "img": "images/items/celebi.png",
  "codes": "celebi,251"
}
]