{
    "tracker_default": {
        "type": "container",
        "background": "#877373",
        "content": {
            "type": "dock",
            "dropshadow": true,
            "content": [
                {
                    "type": "dock",
                    "dock": "left",
                    "v_alignment": "stretch",
                    "content": [
                        {
                            "type": "group",
                            "header": "Captured Pokemon",
                            "dock": "top",
                            "content": {
                                "type": "layout",
                                "key": "tracker_items"
                            }
                        }
                    ]
                },
                {
                    "type": "map"
                }
            ]
        }
    },
    "tracker_broadcast": {
        "type": "container",
        "content": {
            "type": "layout",
            "key": "tracker_items"
        }
    }
}

